[{"empId":1,"fname":"Phillip","lname":"Reyes","mname":"Reck","birthdate":"09/05/1991","city":"Austin"},
{"empId":2,"fname":"Debra", "lname": "Murray","mname":"Keith","birthdate":"07/21/1975","city":"Sheksna"},
{"empId":3,"fname":"Keith", "lname":"Woods","mname":"Debra","birthdate":"12/25/1984","city":"Kharagauli"},
{"empId":4,"fname":"Jimmy", "lname":"Oliver","mname":"Dam","birthdate":"08/19/1986","city":"Foxrock"},
{"empId":5,"fname":"Deborah","lname":"Nichols","mname":"Ryan","birthdate":"10/24/1992","city":"Kāmyārān"},
{"empId":6,"fname":"Sara","lname":"Lynch","mname":"Debbi","birthdate":"03/02/1989","city":"At Tall al Kabīr"},
{"empId":7,"fname":"Lisa","lname":"Campbell","mname":"Jodi","birthdate":"01/27/1977","city":"Guararapes"},
{"empId":8,"fname":"Deborah","lname":"Allen","mname":"Andrew","birthdate":"05/31/1979","city":"Yixing"},
{"empId":9,"fname":"Bonnie", "lname":"Hamilton","mname":"Phillip","birthdate":"11/11/1988","city":"Sagopshi"},
{"empId":10,"fname":"Donald","lname":"Richards","mname":"Keith","birthdate":"09/05/1986","city":"Baishuiyang"},
{"empId":11,"fname":"Paula ","lname":"Arnold","mname":"John","birthdate":"09/08/1986","city":"Salmi"},
{"empId":12,"fname":"Brenda","lname":"Morales","mname":"Pitter","birthdate":"04/30/1989","city":"Kema"},
{"empId":13,"fname":"Julie","lname": "Alexander","mname":"John","birthdate":"11/23/2000","city":"Qarqania"},
{"empId":14,"fname":"Eric", "lname":"Thomas","mname":"Bruce","birthdate":"06/01/1989","city":"Skrunda"},
{"empId":15,"fname":"Elizabeth","lname": "Smith","mname":"Watt","birthdate":"09/15/1999","city":"Bayeux"},
{"empId":16,"fname":"Eugene","lname": "Watson","mname":"Donald","birthdate":"11/30/1979","city":"Borok"},
{"empId":17,"fname":"Don", "lname":"Barnes","mname":"Jimmy","birthdate":"03/01/1985","city":"Masis"},
{"empId":17,"fname":"Dan", "lname":"Barnes","mname":"Ryan","birthdate":"05/11/1998","city":"Masis"},
{"empId":17,"fname":"Watt", "lname":"Barnes","mname":"Dan","birthdate":"03/13/1999","city":"Masis"},
{"empId":18,"fname":"Bruce", "lname":"Kelly","mname":"Watt","birthdate":"01/25/1980","city":"Segovia"},
{"empId":19,"fname":"Annie", "lname":"Scott","mname":"Andrew","birthdate":"02/28/1970","city":"Bystryanka"},
{"empId":20,"fname":"Ruby", "lname":"Fields","mname":"Peter","birthdate":"08/22/1981","city":"Calibungan"},
{"empId":21,"fname":"Diane","lname":"Rivera","mname":"Pat","birthdate":"08/01/1989","city":"Rencun"}]